Unnamed: 0,Name,Team(s),Matches,Runs,Bat Avg,Wickets,Bowl Avg
0,V R Aaron,"DDV, RCB, KXI, RRO, GTI",52,50,10.0,44,33.66
1,K J Abbott,KXI,5,13,13.0,2,88.5
2,S A Abbott,"RCB, SUN",3,22,7.33,1,104.0
3,Abdul Samad,SUN,34,395,19.75,2,56.5
4,Y A Abdulla,KXI,11,0,,15,20.47
5,Abdur Razzak,RCB,1,0,,0,
6,Abhishek Sharma,"DDV, SUN",47,893,22.9,9,37.56
7,L Ablish,KXI,3,0,,3,25.0
8,A B Agarkar,"KKR, DDV",42,179,17.9,29,39.69
9,M A Agarwal,"RCB, DDV, RPS, KXI, SUN",123,2597,22.98,0,
10,S Agarwal,GUJ,1,0,,1,42.0
11,A N  Ahmed,"MIN, RCB",17,36,36.0,12,40.75
12,K K Ahmed,"SUN, DDV",43,1,0.2,57,24.6
13,Akash Deep,RCB,7,17,8.5,6,44.0
14,Akash Singh,"RRO, CSK",7,0,,5,45.4
15,B  Akhil,"RCB, KTK",15,76,12.67,6,40.33
16,M M Ali,"RCB, CSK",59,1034,22.48,33,24.91
17,F A Allen,"KXI, MIN",5,14,7.0,2,68.0
18,Aman Hakim Khan,"KKR, DDV",12,115,12.78,0,
19,P Amarnath,CSK,6,0,,7,33.71
20,H M Amla,KXI,16,577,44.38,0,
21,Anand Rajan,"DCH, SUN",9,15,15.0,9,25.44
22,C J Anderson,"MIN, DDV, RCB",30,538,24.45,11,47.09
23,Anirudh Singh,DCH,5,63,15.75,0,
24,S  Anirudha,"CSK, SUN",20,136,17.0,0,
25,Ankit Sharma,"DCH, SUN, RRO, RPS",21,72,12.0,11,38.36
26,Ankit Soni,GUJ,7,7,3.5,2,58.5
27,Anmolpreet Singh,"MIN, SUN",7,134,19.14,0,
28,Anuj Rawat,"RRO, RCB",19,220,18.33,0,
29,Anureet Singh,"KKR, KXI, RRO",23,36,9.0,18,34.61
30,K P  Appanna,RCB,14,2,2.0,9,31.78
31,S Aravind,RCB,38,59,14.75,45,23.09
32,J C Archer,"RRO, MIN",40,199,15.31,48,24.4
33,V G Arora,"KXI, KKR",10,8,4.0,8,38.75
34,Arshdeep Singh,KXI,51,25,6.25,57,27.14
35,K B A Arun Karthik,"CSK, RCB",17,51,10.2,0,
36,J  Arunkumar,RCB,3,23,7.67,0,
37,A Ashish Reddy,"DCH, SUN",31,280,18.67,18,22.0
38,M Ashwin,"RPS, RCB, KXI, MIN, RRO",44,35,3.89,35,33.2
39,R Ashwin,"CSK, RPS, KXI, DDV, RRO",197,714,13.22,171,28.67
40,K M Asif,"CSK, RRO",7,0,0.0,7,33.0
41,S A  Asnodkar,RRO,20,423,21.15,0,
42,Avesh Khan,"RCB, DDV, LSG",47,31,15.5,55,26.33
43,P Awana,KXI,33,5,2.5,39,26.38
44,Azhar Mahmood,"KXI, KKR",23,388,20.42,29,24.14
45,A Badoni,LSG,28,399,22.17,2,5.5
46,S Badree,"RRO, CSK, RCB",12,13,2.6,11,29.0
47,S Badrinath,CSK,95,1441,30.66,0,
48,G J Bailey,"CSK, KXI, RPS",40,663,24.56,0,
49,J M Bairstow,"SUN, KXI",39,1291,35.86,0,
50,L Balaji,"CSK, KKR, KXI",73,36,4.5,76,26.68
51,S B Bangar,"DCH, KKR",12,49,7.0,4,54.75
52,T Banton,KKR,2,18,9.0,0,
53,A B Barath,KXI,3,42,21.0,0,
54,T Baroka,GUJ,1,0,,0,
55,Basil Thampi,"GUJ, SUN, MIN",25,32,32.0,22,38.45
56,P A Basith,RRO,1,1,,0,
57,R A Bawa,KXI,2,11,5.5,0,
58,A R Bawne,DDV,1,12,,0,
59,F Behardien,KXI,3,14,7.0,0,
60,J P Behrendorff,MIN,17,6,,19,29.05
61,K S Bharat,"RCB, DDV, GTI",10,199,28.43,0,
62,R Bhatia,"DDV, KKR, RRO, RPS",95,342,11.4,71,28.46
63,R R  Bhatkal,RCB,1,0,0.0,0,
64,B A  Bhatt,KXI,17,6,6.0,12,33.08
65,R K Bhui,SUN,2,7,3.5,0,
66,A A  Bilakhia,DCH,7,69,13.8,0,
67,S W Billings,"DDV, CSK, KKR",30,503,19.35,0,
68,S T R Binny,"MIN, RRO, RCB",95,880,19.13,22,34.45
69,Bipul Sharma,"KXI, SUN",33,187,23.38,17,33.65
70,U A  Birla,PWI,2,7,7.0,0,
71,T R Birt,DDV,5,75,15.0,0,
72,R  Bishnoi,RCB,3,19,6.33,0,
73,M S  Bisla,"KXI, KKR, RCB",39,798,21.0,0,
74,A C  Blizzard,MIN,7,120,17.14,0,
75,S M Boland,RPS,2,0,,2,27.0
76,D E Bollinger,CSK,27,21,21.0,37,18.73
77,S E Bond,KKR,8,1,1.0,9,24.89
78,R S Bopara,"KXI, SUN",24,531,29.5,11,26.55
79,R R  Bose,KXI,1,0,,0,
80,J Botha,"RRO, DDV, KKR",34,409,20.45,25,32.0
81,M V Boucher,"RCB, KKR",31,394,28.14,0,
82,T A Boult,"SUN, KKR, DDV, MIN, RRO",88,69,11.5,105,26.54
83,D A J Bracewell,DDV,1,12,,3,10.67
84,M G Bracewell,RCB,5,58,29.0,6,15.83
85,G Brar,KXI,1,0,,0,
86,C R Brathwaite,"DDV, SUN, KKR",16,181,13.92,13,29.15
87,D J J Bravo,"MIN, CSK, GUJ",161,1560,22.61,183,23.83
88,D M Bravo,KKR,1,6,,0,
89,D Brevis,MIN,7,161,23.0,1,8.0
90,H C Brook,SUN,11,190,21.11,0,
91,J J Bumrah,MIN,120,57,8.14,145,23.31
92,J C Buttler,"MIN, RRO",96,3223,37.92,0,
93,A T Carey,DDV,3,32,16.0,0,
94,K C Cariappa,"KKR, KXI, RRO",11,24,8.0,8,43.5
95,L A  Carseldine,RRO,5,81,20.25,1,6.0
96,Y S Chahal,"MIN, RCB, RRO",145,37,5.29,187,21.69
97,D L Chahar,"RPS, CSK",73,80,11.43,72,28.04
98,R D Chahar,"RPS, MIN, KXI",69,108,7.2,65,28.65
99,P V D Chameera,LSG,12,43,10.75,9,42.67
100,U B T Chand,"DDV, RRO, MIN",21,300,15.0,0,
101,S Chanderpaul,RCB,3,25,8.33,0,
102,A  Chandila,RRO,12,4,,11,22.0
103,A A  Chavan,RRO,13,12,6.0,8,40.75
104,P P Chawla,"KXI, KKR, CSK, MIN",181,609,11.71,179,26.79
105,B  Chipli,"RCB, DCH, DDV",23,280,18.67,0,
106,S D  Chitnis,"MIN, RRO, KXI",11,99,14.14,2,30.0
107,A Chopra,KKR,7,53,8.83,0,
108,P Chopra,RRO,2,8,8.0,0,
109,A V Choudhary,RCB,5,25,25.0,5,28.8
110,D T Christian,"DCH, RCB, RPS, DDV",49,460,14.38,38,31.37
111,M J Clarke,PWI,6,98,16.33,2,33.5
112,P D Collingwood,DDV,8,203,40.6,5,20.2
113,D P Conway,CSK,23,924,48.63,0,
114,K  Cooper,RRO,25,116,12.89,33,22.94
115,S S Cottrell,KXI,6,0,0.0,6,29.33
116,N M Coulter-Nile,"MIN, DDV, KKR, RRO",39,82,7.45,48,22.92
117,P J Cummins,"KKR, DDV",42,379,18.95,45,30.16
118,S M Curran,"KXI, CSK",46,613,24.52,42,35.33
119,T K Curran,"KKR, RRO, DDV",13,127,25.4,13,33.08
120,B C J Cutting,"RRO, SUN, MIN",21,238,21.64,10,42.9
121,M J Dagar,SUN,3,0,,1,83.0
122,C J Dala,DDV,1,0,,0,
123,M K P A Dananjaya,MIN,1,4,,0,
124,D B  Das,KKR,31,304,21.71,0,
125,H  Das,DCH,1,2,2.0,0,
126,T H David,"RCB, MIN",25,418,27.87,0,
127,Y Dayal,GTI,14,0,0.0,13,35.46
128,C de Grandhomme,"KKR, RCB",25,303,18.94,6,55.5
129,Q de Kock,"SUN, DDV, RCB, MIN, LSG",96,2907,32.3,0,
130,M de Lange,"KKR, MIN",5,1,1.0,5,33.8
131,P W H de Silva,RCB,26,72,7.2,35,21.37
132,A B de Villiers,"DDV, RCB",184,5162,39.71,0,
133,J L Denly,KKR,1,0,0.0,0,
134,T U Deshpande,"DDV, CSK",23,21,21.0,25,32.76
135,K H  Devdhar,DCH,1,0,,0,
136,P Dharmani,KXI,1,0,,0,
137,R Dhawan,"MIN, KXI",38,210,19.09,25,34.24
138,S Dhawan,"DDV, MIN, DCH, SUN, KXI",217,6617,35.39,4,16.5
139,M S Dhoni,"CSK, RPS",250,5082,38.79,0,
140,Y V Dhull,DDV,4,16,5.33,0,
141,T M Dilshan,"DDV, RCB",52,1153,26.81,5,69.6
142,A B Dinda,"KKR, DDV, PWI, RCB, RPS",78,26,2.6,69,30.04
143,P  Dogra,"RRO, KXI, KKR",13,127,11.55,0,
144,A P  Dole,RRO,3,34,17.0,5,22.4
145,N D  Doshi,"RCB, RRO",4,0,0.0,2,39.5
146,R Dravid,"RCB, RRO",89,2174,28.23,0,
147,F du Plessis,"CSK, RPS, RCB",130,4133,36.9,0,
148,D  du Preez,RCB,2,10,10.0,4,14.0
149,S Dube,"RCB, RRO, CSK",51,1106,28.36,4,41.5
150,P Dubey,DDV,4,23,23.0,1,91.0
151,J-P Duminy,"MIN, DCH, DDV",83,2029,39.78,23,36.26
152,B R Dunk,MIN,3,40,13.33,0,
153,E R Dwivedi,GUJ,4,24,12.0,0,
154,F H Edwards,DCH,6,4,4.0,5,30.8
155,N Ellis,KXI,15,19,4.75,17,28.47
156,J P Faulkner,"PWI, KXI, RRO, GUJ",60,527,21.08,59,30.14
157,F Y Fazal,RRO,12,183,18.3,0,
158,Fazalhaq Farooqi,SUN,7,3,,6,37.83
159,C J Ferguson,PWI,9,98,16.33,0,
160,L H Ferguson,"RPS, KKR, GTI",38,67,33.5,37,31.65
161,C R D Fernando,MIN,10,4,,17,17.53
162,A J Finch,"RRO, DDV, PWI, SUN, MIN, GUJ, KXI, RCB, KKR",92,2091,25.19,1,67.0
163,S P Fleming,CSK,10,196,21.78,0,
164,A Flintoff,CSK,3,62,31.0,2,52.5
165,J E C Franklin,MIN,20,327,29.73,9,24.22
166,Gagandeep Singh,KXI,4,0,,3,47.0
167,R D Gaikwad,CSK,52,1797,39.07,0,
168,G Gambhir,"DDV, KKR",154,4217,31.01,0,
169,C  Ganapathy,CSK,1,0,,0,
170,S C Ganguly,"KKR, PWI",59,1349,25.45,10,36.3
171,P K Garg,"SUN, DDV",23,273,15.17,0,
172,G H S Garton,RCB,5,2,2.0,3,45.0
173,C M  Gautam,"DDV, MIN",13,169,16.9,0,
174,R S Gavaskar,KKR,2,2,2.0,0,
175,C H Gayle,"KKR, RCB, KXI",142,4965,39.72,18,40.5
176,B Geeves,DDV,2,0,,1,91.0
177,A N Ghosh,KKR,2,7,3.5,0,
178,H H Gibbs,"DCH, MIN",36,886,27.69,0,
179,A C Gilchrist,"DCH, KXI",80,2069,27.22,1,0.0
180,Y  Gnaneswara Rao,KTK,2,19,19.0,0,
181,K  Goel,KXI,22,218,14.53,0,
182,R V  Gomez,"KTK, PWI",13,50,10.0,5,25.8
183,M Gony,"CSK, DCH, KXI, GUJ",44,99,9.9,37,34.78
184,S Gopal,"MIN, RRO, SUN",49,180,12.86,49,26.12
185,S P Goswami,"RCB, KKR, RRO, SUN",31,293,14.65,0,
186,K Gowtham,"RRO, KXI, LSG",35,247,13.72,21,37.1
187,R Goyal,MIN,1,0,,0,
188,C Green,MIN,16,452,50.22,6,60.17
189,C J Green,KKR,1,0,,0,
190,M J Guptill,"MIN, KXI, SUN",13,270,22.5,0,
191,Gurkeerat Singh,"KXI, RCB",41,511,21.29,5,19.4
192,H F Gurney,KKR,8,1,,7,34.0
193,B J Haddin,KKR,1,18,18.0,0,
194,A D Hales,SUN,6,148,24.67,0,
195,P S P Handscomb,RPS,2,6,6.0,0,
196,R Hangargekar,CSK,2,0,,3,20.0
197,Harbhajan Singh,"MIN, CSK, KKR",163,833,15.72,150,26.97
198,Harmeet Singh,"DCH, KXI",27,18,4.5,26,26.81
199,Harmeet Singh,RRO,1,0,,1,34.0
200,Harpreet Brar,KXI,28,158,17.56,18,32.89
201,Harpreet Singh,"KKR, PWI, KXI",7,96,19.2,0,
202,D J Harris,DCH,4,111,27.75,0,
203,R J Harris,"DCH, KXI",37,117,9.75,45,23.27
204,S M Harwood,RRO,3,9,,3,24.33
205,J W Hastings,"CSK, KKR",3,0,,3,22.0
206,M L Hayden,CSK,32,1107,36.9,0,
207,J R Hazlewood,"CSK, RCB",27,19,,35,23.14
208,T M Head,RCB,10,205,29.29,2,40.5
209,T Henderson,RRO,2,11,5.5,1,40.0
210,B E Hendricks,KXI,7,1,1.0,9,26.11
211,M C Henriques,"KKR, DDV, RCB, SUN, KXI",62,1000,27.78,42,30.69
212,M J Henry,KXI,2,0,,1,71.0
213,S O Hetmeyer,"RCB, DDV, RRO",60,1130,32.29,0,
214,B W Hilfenhaus,CSK,17,0,,22,21.77
215,B J Hodge,"KKR, KTK, RRO",66,1400,33.33,17,17.82
216,G B Hogg,"RRO, KKR",21,22,7.33,23,24.78
217,J O Holder,"CSK, SUN, KKR, LSG, RRO",46,259,12.33,53,27.57
218,D J Hooda,"RRO, SUN, KXI, LSG",107,1320,18.33,10,50.9
219,J R Hopes,"KXI, DDV",21,417,26.06,14,39.14
220,A J Hosein,SUN,1,16,,1,40.0
221,D J Hussey,"KKR, KXI, CSK",64,1322,26.98,8,59.25
222,M E K Hussey,"CSK, MIN",59,1977,38.76,0,
223,Imran Tahir,"DDV, RPS, CSK",59,33,8.25,82,20.77
224,B Indrajith,KKR,3,21,7.0,0,
225,C A Ingram,DDV,15,205,17.08,0,
226,Iqbal Abdulla,"KKR, RRO, RCB",49,88,44.0,40,27.73
227,Ishan Kishan,"GUJ, MIN",91,2324,29.42,0,
228,S S Iyer,"DDV, KKR",101,2776,31.55,0,
229,V R Iyer,KKR,36,956,28.12,3,38.33
230,S P Jackson,KKR,9,61,10.17,0,
231,D J  Jacobs,MIN,7,92,13.14,0,
232,R A Jadeja,"RRO, KTK, CSK, GUJ",226,2692,26.39,152,29.57
233,K M Jadhav,"DDV, KTK, RCB, CSK, SUN",95,1208,22.37,0,
234,W Jaffer,RCB,8,130,16.25,0,
235,N Jagadeesan,"CSK, KKR",13,162,18.0,0,
236,I R Jaggi,"DCH, KKR",7,76,15.2,0,
237,Y B K Jaiswal,RRO,37,1172,32.56,0,
238,S B Jakati,"CSK, RCB, GUJ",59,28,28.0,47,30.87
239,K A Jamieson,"RCB, CSK",9,65,16.25,9,29.89
240,D Jansen,MIN,1,0,,1,53.0
241,M Jansen,"MIN, SUN",18,48,8.0,19,30.84
242,Jaskaran Singh,DCH,8,8,8.0,6,28.5
243,S T Jayasuriya,MIN,30,768,27.43,13,28.54
244,D P M D Jayawardene,"KXI, KTK, DDV",80,1802,28.6,0,
245,A A  Jhunjhunwala,"RRO, PWI, DCH",21,217,16.69,1,129.0
246,Joginder Sharma,CSK,16,36,9.0,12,35.83
247,M G Johnson,"MIN, KXI, KKR",54,160,12.31,61,27.92
248,C J Jordan,"RCB, SUN, KXI, CSK, MIN",34,81,8.1,30,35.67
249,A S Joseph,"MIN, GTI",19,27,27.0,20,28.8
250,S B Joshi,RCB,4,6,3.0,1,82.0
251,M C  Juneja,DDV,7,125,17.86,0,
252,D C Jurel,RRO,13,152,21.71,0,
253,M Kaif,"RRO, KXI, RCB",29,259,14.39,0,
254,J H Kallis,"RCB, KKR",98,2427,28.55,65,35.28
255,H K S R Kaluhalamulla,CSK,8,2,2.0,6,37.17
256,D  Kalyankrishna,DCH,3,3,3.0,2,43.5
257,Kamran Akmal,RRO,6,128,25.6,0,
258,Kamran Khan,"RRO, PWI",9,3,3.0,9,23.78
259,C K Kapugedera,CSK,5,16,5.33,0,
260,Karanveer Singh,KXI,9,12,12.0,12,26.75
261,K D Karthik,"DDV, KXI, MIN, RCB, GUJ, KKR",242,4516,25.81,0,
262,M Kartik,"KKR, PWI, RCB, KXI",56,113,16.14,31,44.77
263,Kartik Tyagi,"RRO, SUN",19,13,3.25,15,44.13
264,S M Katich,KXI,11,241,24.1,0,
265,S Kaul,"DDV, SUN, RCB",55,20,5.0,58,29.98
266,U  Kaul,KXI,5,0,,0,
267,S  Kaushik,GUJ,10,0,0.0,6,49.5
268,A A  Kazi,RCB,1,0,,0,
269,J M Kemp,CSK,5,26,13.0,3,18.0
270,M A Khan,MIN,6,18,9.0,5,38.0
271,S N Khan,"RCB, KXI, DDV",50,585,22.5,0,
272,Z Khan,"RCB, MIN, DDV",100,117,8.36,102,27.27
273,U T Khawaja,RPS,6,127,21.17,0,
274,K Khejroliya,"RCB, KKR",7,0,,5,43.4
275,M  Khote,MIN,4,24,12.0,2,25.5
276,R S Kishore,GTI,5,0,,6,20.17
277,H Klaasen,"RRO, RCB, SUN",19,514,36.71,0,
278,M Klinger,KTK,4,73,18.25,0,
279,T S Kohli,"RRO, KXI",4,11,3.67,0,
280,V Kohli,RCB,237,7263,37.25,4,92.0
281,S C Kuggeleijn,CSK,2,0,,2,35.5
282,K M D N Kulasekara,CSK,6,5,,5,24.0
283,Kuldeep Yadav,"KKR, DDV",73,136,15.11,71,28.39
284,D S Kulkarni,"MIN, RRO, GUJ",92,104,11.56,86,28.77
285,B Kumar,"PWI, SUN",160,283,8.84,170,25.86
286,M Kumar,DDV,10,7,,7,46.57
287,P Kumar,"RCB, KXI, MIN, SUN, GUJ",119,340,8.95,90,36.12
288,Kumar Kartikeya,MIN,12,9,4.5,10,32.9
289,A Kumble,RCB,42,35,11.67,45,23.51
290,S D Lad,MIN,1,15,15.0,0,
291,S Ladda,"DDV, KKR, GUJ",9,0,0.0,5,44.8
292,Lalit Yadav,DDV,25,295,21.07,10,36.9
293,S Lamichhane,DDV,9,0,0.0,13,22.46
294,C K Langeveldt,"KKR, RCB",7,8,4.0,13,14.38
295,B Laughlin,"CSK, RRO",9,5,2.5,10,28.2
296,V V S Laxman,"DCH, KTK",20,282,15.67,0,
297,B Lee,"KXI, KKR",38,124,12.4,25,43.8
298,D S Lehmann,RRO,2,18,9.0,0,
299,R E Levi,MIN,6,83,13.83,0,
300,E Lewis,"MIN, RRO, LSG",27,654,27.25,0,
301,J B Little,GTI,10,0,,7,42.0
302,Litton Das,KKR,1,4,4.0,0,
303,L S Livingstone,"RRO, KXI",32,828,29.57,8,38.63
304,M K Lomror,"RRO, RCB",30,402,19.14,1,109.0
305,M J Lumb,"RRO, DCH",12,278,23.17,0,
306,C A Lynn,"DCH, KKR, MIN",42,1329,34.08,0,
307,C  Madan,MIN,1,15,15.0,0,
308,N J Maddinson,RCB,3,20,6.67,0,
309,A Madhwal,MIN,8,0,,14,15.64
310,S S B Magala,CSK,2,0,,1,51.0
311,M F Maharoof,DDV,20,177,17.7,27,19.26
312,V Y  Mahesh,"DDV, CSK",18,15,7.5,21,23.76
313,A P  Majumdar,PWI,4,87,21.75,0,
314,D J Malan,KXI,1,26,26.0,0,
315,I  Malhotra,DCH,1,7,,0,
316,V S  Malik,"KXI, RRO",13,7,7.0,6,43.5
317,S L Malinga,MIN,122,88,5.5,170,19.85
318,Mandeep Singh,"KKR, KXI, RCB, DDV",111,1706,20.8,0,
319,M  Manhas,"DDV, PWI, CSK",55,514,22.35,0,
320,P N Mankad,"KXI, LSG",6,97,32.33,0,
321,A Manohar,GTI,17,222,18.5,0,
322,M Markande,"MIN, RRO, SUN",30,48,16.0,29,27.93
323,A K Markram,"KXI, SUN",33,775,32.29,2,78.5
324,M R Marsh,"DCH, PWI, RPS, SUN, DDV",38,605,20.17,36,19.22
325,S E Marsh,KXI,71,2477,39.95,0,
326,D R Martyn,RRO,1,19,19.0,0,
327,A D Mascarenhas,"RRO, KXI",13,79,8.78,19,18.74
328,Mashrafe Mortaza,KKR,1,2,,0,
329,A D Mathews,"KKR, PWI, DDV",49,724,23.35,27,39.96
330,G J Maxwell,"DDV, MIN, KXI, RCB",124,2719,26.4,31,37.87
331,K R Mayers,LSG,13,379,29.15,0,
332,M J McClenaghan,MIN,56,91,7.0,71,25.39
333,O C McCoy,RRO,8,8,8.0,11,22.73
334,B B McCullum,"KKR, KTK, CSK, GUJ, RCB",109,2880,27.69,0,
335,N L McCullum,PWI,2,26,26.0,0,
336,A B McDonald,"DDV, RCB",11,123,24.6,11,23.73
337,G D McGrath,DDV,14,4,4.0,12,29.75
338,C J McKay,MIN,2,8,8.0,1,60.0
339,R McLaren,"MIN, KXI, KKR",18,159,19.88,12,45.17
340,A L  Menaria,RRO,29,401,19.1,3,48.0
341,B A W Mendis,"KKR, PWI",10,3,1.5,8,35.63
342,B M A J Mendis,DDV,3,23,7.67,1,36.0
343,R P Meredith,"KXI, MIN",18,0,,19,32.21
344,L I Meriwala,DDV,1,0,,1,32.0
345,S Midhun,RRO,1,0,,0,
346,D A Miller,"KXI, RRO, GTI",121,2714,35.71,0,
347,T S Mills,"RCB, MIN",10,8,2.0,11,31.18
348,A F Milne,"RCB, MIN, CSK",10,23,5.75,7,46.71
349,Misbah-ul-Haq,RCB,8,117,16.71,0,
350,A Mishra,"DDV, DCH, SUN, LSG",161,381,11.91,173,23.87
351,M D  Mishra,"DCH, PWI",18,237,14.81,0,
352,T Mishra,DCH,1,0,,0,
353,D J Mitchell,RRO,2,33,16.5,0,
354,A Mithun,RCB,16,34,6.8,7,67.43
355,Mohammad Ashraful,MIN,1,2,2.0,0,
356,Mohammad Asif,DDV,8,3,1.5,8,37.0
357,Mohammad Hafeez,KKR,8,64,9.14,2,34.0
358,Mohammad Nabi,SUN,17,180,15.0,13,31.38
359,Mohammed Shami,"KKR, DDV, KXI, GTI",110,74,5.69,127,26.87
360,Mohammed Siraj,"SUN, RCB",79,97,12.13,78,29.82
361,Mohsin Khan,LSG,14,23,11.5,17,17.88
362,Monu Kumar,CSK,1,0,,0,
363,R G  More,CSK,2,2,,1,59.0
364,E J G Morgan,"RCB, KKR, SUN, KXI",83,1405,22.66,0,
365,J A Morkel,"CSK, RCB, DDV, RPS",91,974,24.35,85,27.75
366,M Morkel,"RRO, DDV, KKR",70,126,11.45,77,27.13
367,C H Morris,"CSK, RRO, DDV, RCB",81,618,22.07,95,24.16
368,W A  Mota,KXI,12,56,9.33,4,24.25
369,Mujeeb Ur Rahman,"KXI, SUN",19,12,4.0,19,31.16
370,Mukesh Choudhary,CSK,13,6,6.0,16,26.5
371,A Mukund,"CSK, RCB",3,19,9.5,0,
372,S S Mundhe,PWI,1,0,,1,6.0
373,C Munro,"KKR, DDV",13,177,14.75,0,
374,M Muralitharan,"CSK, KTK, RCB",66,20,3.33,63,26.75
375,A G  Murtaza,"MIN, PWI",12,10,10.0,9,34.78
376,Mustafizur Rahman,"SUN, MIN, RRO, DDV",48,13,13.0,47,30.72
377,D J Muthuswami,DDV,6,1,1.0,4,25.25
378,S Nadeem,"DDV, SUN",72,39,2.79,48,37.17
379,Y  Nagar,DDV,26,285,20.36,4,31.25
380,K L Nagarkoti,"KKR, DDV",12,22,5.5,5,57.0
381,N S Naik,"KXI, KKR",4,31,7.75,0,
382,K K Nair,"RCB, RRO, DDV, KXI",76,1496,23.75,0,
383,D G Nalkande,GTI,3,0,0.0,3,34.33
384,C  Nanda,MIN,3,0,0.0,2,28.5
385,D P Nannes,"DDV, RCB, CSK",29,4,4.0,28,28.54
386,G R  Napier,MIN,1,15,15.0,1,27.0
387,S P Narine,KKR,162,1046,13.76,163,25.79
388,S  Narwal,"RRO, KKR",7,37,12.33,5,40.4
389,T Natarajan,"KXI, SUN",47,3,,48,31.33
390,A D Nath,"GUJ, KXI, RCB",14,90,9.0,0,
391,Naveen-ul-Haq,LSG,8,16,16.0,11,19.91
392,A M Nayar,"MIN, KXI, PWI, RRO",60,672,17.68,9,35.78
393,J D S Neesham,"DDV, KXI, MIN, RRO",14,92,10.22,8,41.75
394,P Negi,"DDV, CSK, RCB",50,365,14.04,34,27.62
395,A Nehra,"MIN, DDV, PWI, CSK, SUN",88,41,5.86,106,23.41
396,A Nel,MIN,1,0,0.0,1,31.0
397,M G Neser,KXI,1,0,,0,
398,L Ngidi,"CSK, DDV",14,0,,25,17.92
399,R  Ninan,RCB,2,3,3.0,3,21.67
400,A A Noffke,RCB,1,9,9.0,1,40.0
401,Noor Ahmad,GTI,13,8,4.0,16,23.06
402,A Nortje,DDV,40,45,11.25,53,24.15
403,M Ntini,CSK,9,11,11.0,7,34.57
404,N V Ojha,"RRO, DDV, SUN",113,1554,20.72,0,
405,P P Ojha,"DCH, MIN",92,16,1.33,89,26.2
406,J D P Oram,"CSK, RRO, MIN",18,106,13.25,9,38.78
407,P Ray Barman,RCB,1,19,19.0,0,
408,D Padikkal,"RCB, RRO",57,1521,27.65,0,
409,T D Paine,PWI,2,10,5.0,0,
410,I C Pandey,"PWI, CSK",25,0,0.0,18,32.83
411,M K Pandey,"MIN, RCB, PWI, KKR, SUN, LSG, DDV",170,3808,29.07,0,
412,H H Pandya,"MIN, GTI",123,2309,30.38,53,33.26
413,K H Pandya,"MIN, LSG",113,1514,21.94,70,33.59
414,Pankaj Singh,"RRO, RCB",17,7,3.5,11,42.55
415,R R Pant,DDV,98,2838,34.61,0,
416,R Parag,RRO,54,600,16.22,4,70.0
417,P  Parameswaran,"KTK, RCB",8,1,,9,24.89
418,M B  Parmar,KKR,1,0,,0,
419,W D Parnell,"PWI, DDV, RCB",33,65,6.5,35,26.77
420,Parvez Rasool,"PWI, SUN, RCB",11,17,8.5,4,67.75
421,A R Patel,"KXI, DDV",136,1418,20.55,112,30.54
422,H V Patel,"RCB, DDV",92,236,9.83,111,24.07
423,M M Patel,"RRO, MIN, GUJ",63,39,6.5,74,22.95
424,N K  Patel,RRO,9,121,30.25,0,
425,P A Patel,"CSK, KTK, DCH, SUN, RCB, MIN",139,2848,22.6,0,
426,R V Patel,DDV,9,80,16.0,0,
427,A U K Pathan,RCB,9,39,7.8,0,
428,I K Pathan,"KXI, DDV, SUN, RPS, GUJ",103,1139,21.49,80,33.11
429,Y K Pathan,"RRO, KKR, SUN",174,3204,29.13,42,33.02
430,M Pathirana,CSK,14,0,,21,20.14
431,R M Patidar,RCB,12,404,40.4,0,
432,D T  Patil,RCB,2,13,6.5,0,
433,J L Pattinson,MIN,10,15,15.0,11,29.09
434,K M A Paul,DDV,8,18,3.6,9,26.33
435,A G  Paunikar,RRO,5,49,9.8,0,
436,R  Pawar,MIN,1,0,,0,
437,M D K J Perera,RRO,2,14,7.0,0,
438,N L T C Perera,"CSK, KTK, MIN, SUN, KXI, RPS",37,422,19.18,31,32.77
439,R J Peterson,MIN,5,32,10.67,3,23.33
440,J R Philippe,RCB,5,78,19.5,0,
441,G D Phillips,"RRO, SUN",8,65,9.29,2,20.0
442,K P Pietersen,"RCB, DDV, RPS",36,1001,37.07,7,30.71
443,L E Plunkett,DDV,7,1,1.0,4,56.25
444,K A Pollard,MIN,189,3412,28.67,69,31.26
445,S M Pollock,MIN,13,147,18.38,11,27.36
446,L A Pommersbach,"KXI, RCB",17,302,27.45,0,
447,R T Ponting,"KKR, MIN",10,91,10.11,0,
448,N Pooran,"KXI, SUN, LSG",62,1270,27.02,0,
449,A Porel,DDV,4,33,8.25,0,
450,I C Porel,KXI,1,0,,1,39.0
451,R R Powar,"KXI, KTK",27,67,22.33,13,40.54
452,R Powell,DDV,17,257,19.77,1,35.0
453,Prabhsimran Singh,KXI,20,422,21.1,0,
454,S S Prabhudessai,RCB,10,102,11.33,0,
455,P  Prasanth,KTK,1,0,,0,
456,M Prasidh Krishna,"KKR, RRO",51,9,3.0,49,34.76
457,V  Pratap Singh,DCH,9,0,0.0,10,29.6
458,D Pretorius,CSK,7,44,11.0,6,39.67
459,R W Price,MIN,1,0,,0,
460,Y Prithvi Raj,KKR,2,0,,1,57.0
461,C A Pujara,"KKR, RCB, KXI",29,390,20.53,0,
462,R J Quiney,RRO,7,103,14.71,0,
463,K Rabada,"DDV, KXI",69,186,11.63,106,20.74
464,A M Rahane,"MIN, RRO, RPS, DDV, KKR, CSK",172,4400,30.99,1,5.0
465,Rahmanullah Gurbaz,KKR,11,227,20.64,0,
466,K L Rahul,"RCB, SUN, KXI, LSG",118,4163,46.78,0,
467,S K Raina,"CSK, GUJ",205,5528,32.52,25,45.8
468,P B B Rajapaksa,KXI,13,277,23.08,0,
469,R R  Raje,MIN,10,20,20.0,6,34.83
470,A S Rajpoot,"CSK, KKR, KXI, RRO",29,26,5.2,24,33.33
471,R Rampaul,RCB,12,51,10.2,14,21.29
472,H P Rana,KKR,8,2,1.0,6,33.0
473,N Rana,"MIN, KKR",105,2594,28.82,10,25.2
474,S  Rana,"PWI, RCB",11,91,22.75,0,
475,A U Rashid,"KXI, SUN",3,22,11.0,2,45.5
476,Rashid Khan,"SUN, GTI",109,443,13.84,139,20.76
477,Rasikh Salam,"MIN, KKR",3,12,12.0,0,
478,M Rathee,KXI,1,1,,0,
479,A S  Raut,RRO,22,194,21.56,0,
480,Ravi Bishnoi,"KXI, LSG",52,28,5.6,53,27.42
481,D B  Ravi Teja,"DCH, SUN",32,375,19.74,1,28.0
482,M  Rawat,"RRO, PWI",18,55,11.0,0,
483,A T Rayudu,"MIN, CSK",204,4348,28.23,0,
484,N K Reddy,SUN,2,0,,0,
485,P A  Reddy,"DCH, SUN",12,164,16.4,0,
486,J A Richardson,"KXI, MIN",3,15,7.5,3,39.0
487,K W Richardson,"PWI, RRO, RCB",15,36,12.0,19,24.89
488,N J  Rimmington,KXI,1,1,,0,
489,K A J Roach,DCH,2,10,10.0,0,
490,B J Rohrer,DDV,8,193,32.17,0,
491,L Ronchi,MIN,5,34,6.8,0,
492,J E Root,RRO,3,10,10.0,0,
493,R R Rossouw,"RCB, DDV",14,262,21.83,0,
494,A S Roy,"MIN, KKR",7,23,7.67,5,26.2
495,J J Roy,"GUJ, DDV, SUN, KKR",21,614,32.32,0,
496,A D Russell,"DDV, KKR",112,2262,29.0,96,24.49
497,S E Rutherford,"DDV, RCB",10,106,15.14,1,59.0
498,J D Ryder,"RCB, PWI",29,604,21.57,8,37.88
499,Sachin Baby,"RRO, RCB",19,144,16.0,2,4.0
500,W P Saha,"KKR, CSK, KXI, SUN, GTI",161,2798,24.98,0,
501,P Sahu,KXI,5,19,19.0,3,48.67
502,Sai Sudharsan,GTI,13,507,46.09,0,
503,N  Saini,KXI,10,140,14.0,0,
504,N A Saini,"RCB, RRO",32,33,8.25,23,42.35
505,C Sakariya,"RRO, DDV",19,20,3.33,20,29.95
506,Salman Butt,KKR,7,193,27.57,0,
507,P D Salt,DDV,9,218,27.25,0,
508,D Salunkhe,RRO,6,33,16.5,1,78.0
509,A M Salvi,DDV,7,0,,7,28.57
510,B B Samantray,"DCH, SUN",9,125,25.0,0,
511,D J G Sammy,"SUN, RCB",22,295,19.67,11,31.82
512,D R Sams,"DDV, RCB, MIN, LSG",16,44,4.89,14,37.36
513,S V Samson,"RRO, DDV",152,3888,29.23,0,
514,M N Samuels,"PWI, DDV",15,161,12.38,9,31.56
515,Sandeep Sharma,"KXI, SUN, RRO",116,54,9.0,124,27.4
516,S Sandeep Warrier,KKR,5,0,,2,67.0
517,G S Sandhu,DDV,3,0,,1,82.0
518,K C Sangakkara,"KXI, DCH, SUN",71,1687,25.95,0,
519,P J Sangwan,"DDV, KKR, GUJ, MIN, GTI",42,26,3.25,38,32.63
520,R Sanjay Yadav,MIN,1,0,0.0,0,
521,M J Santner,CSK,15,56,18.67,13,27.54
522,K Santokie,MIN,2,0,,3,30.0
523,X T  Sargunam,SUN,1,10,10.0,0,
524,S S  Sarkar,KKR,2,0,,1,34.0
525,P M  Sarvesh Kumar,DCH,2,1,,1,42.0
526,R R Sarwan,KXI,4,73,18.25,0,
527,R  Sathish,"MIN, KXI, KKR",34,270,15.88,3,77.33
528,J S Saxena,KXI,1,0,,0,
529,J P R Scantlebury-Searles,KKR,4,8,8.0,2,44.5
530,V Sehwag,"DDV, KXI",104,2728,27.56,6,39.17
531,T L Seifert,"KKR, DDV",3,26,8.67,0,
532,K R Sen,RRO,9,0,,8,33.13
533,S M S M Senanayake,KKR,8,10,10.0,9,23.22
534,O A Shah,"KKR, KTK, RRO",23,506,33.73,0,
535,P R  Shah,"MIN, RRO",16,92,11.5,0,
536,Shahbaz Ahmed,RCB,39,321,16.89,14,40.5
537,Shahid Afridi,DCH,10,81,10.13,9,25.0
538,Shahrukh Khan,KXI,33,426,20.29,0,
539,R A A Shaikh,MIN,1,0,,0,
540,S S  Shaikh,KKR,2,6,6.0,0,
541,Shakib Al Hasan,"KKR, SUN",71,793,19.83,63,29.19
542,T Shamsi,"RCB, RRO",5,2,,3,60.33
543,D Shanaka,GTI,3,26,13.0,0,
544,V Shankar,"CSK, SUN, DDV, GTI",65,1032,26.46,9,38.22
545,H Sharma,RCB,1,0,,0,
546,I Sharma,"KKR, DCH, SUN, RPS, KXI, DDV",101,56,9.33,82,35.5
547,J M Sharma,KXI,26,543,25.86,0,
548,K S Sharma,LSG,3,16,5.33,0,
549,K V Sharma,"RCB, SUN, MIN, CSK",75,320,13.91,69,26.57
550,M M Sharma,"CSK, KXI, DDV, GTI",100,122,8.13,119,23.79
551,R Sharma,"DCH, PWI, DDV",44,66,4.71,40,27.15
552,R G Sharma,"DCH, MIN",243,6211,29.58,15,32.53
553,S Sharma,KKR,11,0,,10,32.1
554,V Sharma,SUN,3,69,69.0,0,
555,P P Shaw,DDV,71,1694,23.86,0,
556,R Shepherd,"SUN, LSG",4,58,19.33,3,32.67
557,Shivam Mavi,"KKR, GTI",32,51,5.67,30,31.4
558,Shivam Sharma,KXI,5,5,5.0,4,41.25
559,Shoaib Ahmed,DCH,8,1,0.5,5,30.4
560,Shoaib Akhtar,KKR,3,2,2.0,5,10.8
561,Shoaib Malik,DDV,7,52,13.0,2,42.5
562,H R Shokeen,MIN,13,66,22.0,5,62.8
563,D R Shorey,CSK,2,13,6.5,0,
564,D J M Short,RRO,7,115,16.43,1,19.0
565,M W Short,KXI,6,117,19.5,0,
566,Shubman Gill,"KKR, GTI",91,2790,37.7,0,
567,L R Shukla,"KKR, DDV",47,405,15.0,15,31.67
568,R  Shukla,"MIN, RRO, DDV",7,19,19.0,5,41.6
569,Sikandar Raza,KXI,7,139,27.8,3,39.67
570,L P C Silva,DCH,3,40,20.0,0,
571,L M P Simmons,MIN,29,1079,39.96,1,34.0
572,A  Singh,RRO,23,2,0.5,28,22.14
573,N B Singh,GUJ,2,0,,1,15.0
574,R Singh,MIN,5,45,22.5,6,9.0
575,R K Singh,KKR,31,725,36.25,0,
576,R P Singh,"DCH, KTK, MIN, RCB, RPS",82,52,3.47,90,25.98
577,S Singh,SUN,10,69,17.25,0,
578,S Singh,CSK,6,7,7.0,4,34.5
579,S Singh,SUN,2,11,11.0,0,
580,V R Singh,KXI,19,4,2.0,12,45.17
581,D R Smith,"MIN, DCH, CSK, GUJ",91,2385,28.39,26,31.15
582,G C Smith,"RRO, PWI",29,739,28.42,0,
583,O F Smith,"KXI, GTI",6,51,17.0,6,29.67
584,S P D Smith,"PWI, RRO, RPS, DDV",103,2485,34.51,0,
585,I S Sodhi,RRO,8,7,3.5,9,22.44
586,R S Sodhi,KXI,3,4,,0,
587,Sohail Tanvir,RRO,11,36,12.0,22,12.09
588,S Sohal,"KXI, DCH",22,368,18.4,0,
589,P Solanki,CSK,2,0,,2,19.0
590,T G Southee,"CSK, RRO, MIN, RCB, KKR",54,120,9.23,47,37.06
591,B B Sran,"RRO, SUN, KXI, MIN",24,10,10.0,18,42.06
592,S Sreesanth,"KXI, KTK, RRO",44,34,8.5,40,29.85
593,S Sriram,"RCB, DDV",2,31,15.5,0,
594,S J  Srivastava,KXI,14,5,5.0,14,31.5
595,T  Srivastava,KXI,7,8,8.0,0,
596,B Stanlake,"RCB, SUN",6,5,,7,28.57
597,M A Starc,RCB,27,96,13.71,34,20.38
598,D W Steyn,"RCB, DCH, SUN, GUJ",95,167,7.59,97,25.86
599,M P Stoinis,"KXI, RCB, DDV, LSG",82,1478,27.37,39,29.44
600,B A Stokes,"RPS, RRO, CSK",45,935,24.61,28,35.43
601,T Stubbs,MIN,4,27,6.75,1,14.0
602,S B Styris,"DCH, CSK",12,131,18.71,8,34.5
603,J Suchith,"MIN, DDV, SUN",22,70,17.5,19,31.68
604,T P C Sudhindra,DCH,3,0,,1,136.0
605,T L  Suman,"DCH, MIN, PWI",43,676,21.13,6,37.17
606,B A  Sumanth,DCH,5,35,35.0,0,
607,Sunny Gupta,DDV,1,0,0.0,0,
608,Sunny Singh,KXI,6,43,10.75,0,
609,P S  Suyal,MIN,5,0,,2,75.5
610,Swapnil Singh,"KXI, LSG",7,14,4.67,1,108.0
611,J  Syed Mohammad,RCB,11,29,14.5,8,35.38
612,A Symonds,"DCH, MIN",39,974,36.07,20,33.7
613,T Taibu,KKR,3,31,10.33,0,
614,A Taide,KXI,7,186,26.57,0,
615,S W Tait,RRO,21,23,7.67,23,27.83
616,Y V  Takawale,"MIN, RCB",16,192,24.0,0,
617,P V Tambe,"RRO, GUJ",33,18,9.0,28,30.46
618,A P Tare,"MIN, SUN, DDV",35,339,14.13,0,
619,J E Taylor,PWI,5,3,3.0,6,26.17
620,L R P L Taylor,"RCB, RRO, DDV, PWI",55,1017,25.43,0,
621,R N ten Doeschate,KKR,29,326,23.29,2,47.0
622,A S Tendulkar,MIN,4,13,13.0,3,30.67
623,S R Tendulkar,MIN,78,2334,34.84,0,
624,R Tewatia,"RRO, KXI, DDV, GTI",81,825,25.0,32,34.72
625,S N Thakur,"KXI, RPS, CSK, DDV, KKR",86,286,11.92,89,28.76
626,Y Thakur,LSG,9,0,,13,22.23
627,M M Theekshana,CSK,22,7,7.0,23,28.39
628,J Theron,"KXI, DCH, RRO",10,10,5.0,9,32.56
629,A C Thomas,PWI,15,20,10.0,14,29.0
630,O R Thomas,RRO,4,0,,5,15.8
631,D  Thornely,MIN,6,39,19.5,3,13.33
632,T Thushara,CSK,6,12,6.0,8,20.13
633,Tilak Varma,MIN,25,740,38.95,0,
634,M K Tiwary,"DDV, KKR, RPS, KXI",98,1695,28.73,1,83.0
635,S S Tiwary,"MIN, RCB, DDV, RPS",93,1494,28.73,0,
636,A Tomar,KKR,1,4,4.0,0,
637,R J W Topley,RCB,1,0,,1,14.0
638,R A Tripathi,"RPS, RRO, KKR, SUN",89,2071,27.25,0,
639,S K  Trivedi,RRO,76,42,6.0,65,29.29
640,A J Turner,RRO,4,3,1.0,0,
641,S Tyagi,CSK,14,3,3.0,6,49.17
642,A J Tye,"GUJ, KXI, RRO, LSG",30,91,10.11,42,23.31
643,I Udana,RCB,10,15,5.0,8,35.25
644,Umar Gul,KKR,6,39,13.0,12,15.33
645,Umran Malik,SUN,25,23,11.5,29,26.1
646,J D Unadkat,"KKR, RCB, DDV, RPS, RRO, MIN, LSG",94,173,13.31,91,31.56
647,A  Uniyal,RRO,2,4,4.0,2,33.0
648,K  Upadhyay,PWI,3,12,,0,
649,R V Uthappa,"MIN, RCB, PWI, KKR, RRO, CSK",205,4952,27.51,0,
650,W P U J C Vaas,DCH,13,81,10.13,18,19.72
651,P C  Valthaty,"RRO, KXI",23,505,22.95,7,29.29
652,H E van der Dussen,RRO,3,22,11.0,0,
653,R E van der Merwe,"RCB, DDV",21,159,14.45,21,23.71
654,J J van der Wath,RCB,3,18,9.0,3,43.0
655,M N van Wyk,KKR,5,167,55.67,0,
656,C V Varun,"KXI, KKR",56,25,6.25,62,25.81
657,Y Venugopal Rao,"DCH, DDV, SUN",65,985,22.39,6,56.17
658,D L Vettori,"DDV, RCB",34,121,15.13,28,31.36
659,S  Vidyut,CSK,9,145,18.13,1,22.0
660,G H Vihari,"SUN, DDV",24,284,14.2,1,47.0
661,M Vijay,"CSK, DDV, KXI",106,2619,25.93,0,
662,D P  Vijaykumar,DCH,9,1,,4,49.75
663,Vijaykumar Vyshak,RCB,7,13,13.0,9,28.11
664,G C Viljoen,KXI,6,3,1.5,7,31.71
665,R Vinay Kumar,"RCB, KTK, KKR, MIN",105,310,11.07,105,28.25
666,Virat Singh,SUN,3,15,7.5,0,
667,Vishnu Vinod,"RCB, MIN",6,56,9.33,0,
668,A C Voges,RRO,9,181,45.25,0,
669,M Vohra,"KXI, RCB, RRO, LSG",56,1083,22.1,0,
670,M S Wade,"DDV, GTI",13,179,13.77,0,
671,N Wadhera,MIN,14,241,26.78,0,
672,S B  Wagh,"RRO, PWI",8,2,1.0,5,27.4
673,S K Warne,RRO,55,198,9.9,57,25.39
674,D A Warner,"DDV, SUN",176,6397,41.54,0,
675,Washington Sundar,"RPS, RCB, SUN",58,378,14.54,36,34.78
676,S R Watson,"RRO, RCB, CSK",145,3874,30.99,92,29.15
677,C L White,"RCB, DCH, SUN",47,954,26.5,1,86.0
678,D Wiese,"RCB, KKR",18,148,29.6,16,27.5
679,D J Willey,"CSK, RCB",11,53,26.5,6,45.33
680,K S Williamson,"SUN, GTI",77,2101,36.22,0,
681,C R Woakes,"KKR, RCB, DDV",21,78,13.0,30,21.93
682,M A Wood,"CSK, LSG",5,12,6.0,11,16.27
683,L J Wright,PWI,7,106,21.2,2,62.0
684,A S  Yadav,DCH,8,49,9.8,0,
685,J Yadav,"DDV, MIN, GTI",20,40,10.0,8,55.63
686,K Yadav,RRO,3,0,,2,42.0
687,S A Yadav,"MIN, KKR",139,3249,31.85,0,
688,U T Yadav,"DDV, KKR, RCB",141,196,9.8,136,30.04
689,D H  Yagnik,RRO,25,170,17.0,0,
690,Yashpal Singh,KKR,8,47,11.75,0,
691,V S  Yeligati,MIN,2,2,2.0,0,
692,Younis Khan,RRO,1,3,3.0,0,
693,Yudhvir Singh,LSG,3,1,0.5,3,23.33
694,Yuvraj Singh,"KXI, PWI, RCB, DDV, SUN, MIN",132,2750,24.77,36,29.92
695,A Zampa,"RPS, RCB, RRO",20,15,3.0,29,19.24
696,V H  Zol,RCB,3,29,14.5,0,
697,D N T Zoysa,DCH,3,11,11.0,2,49.5
